{
  "hash": "e9b9a1c8",
  "configHash": "dcd6778e",
  "lockfileHash": "77ca300f",
  "browserHash": "cc4ee225",
  "optimized": {
    "@angular/common": {
      "src": "../../../../../node_modules/@angular/common/fesm2022/common.mjs",
      "file": "@angular_common.js",
      "fileHash": "7c4653ea",
      "needsInterop": false
    },
    "@angular/common/http": {
      "src": "../../../../../node_modules/@angular/common/fesm2022/http.mjs",
      "file": "@angular_common_http.js",
      "fileHash": "cbdf0415",
      "needsInterop": false
    },
    "@angular/core": {
      "src": "../../../../../node_modules/@angular/core/fesm2022/core.mjs",
      "file": "@angular_core.js",
      "fileHash": "c91bf97f",
      "needsInterop": false
    },
    "@angular/platform-browser": {
      "src": "../../../../../node_modules/@angular/platform-browser/fesm2022/platform-browser.mjs",
      "file": "@angular_platform-browser.js",
      "fileHash": "34081b7f",
      "needsInterop": false
    },
    "@angular/router": {
      "src": "../../../../../node_modules/@angular/router/fesm2022/router.mjs",
      "file": "@angular_router.js",
      "fileHash": "72f8a9e7",
      "needsInterop": false
    }
  },
  "chunks": {
    "chunk-OIAT4AAJ": {
      "file": "chunk-OIAT4AAJ.js"
    },
    "chunk-WOEBVTQI": {
      "file": "chunk-WOEBVTQI.js"
    },
    "chunk-L22JU2LC": {
      "file": "chunk-L22JU2LC.js"
    },
    "chunk-JNM7CA4Q": {
      "file": "chunk-JNM7CA4Q.js"
    }
  }
}